path,bytes,sha256,syntax_check
iris_report/iris_sep/architecture/ADR-001-sepval-benchmark-freeze.md,1668,215284c91c3e86588dbe9d388059bb6beb7be760b76f2ecf63c01f2be4ce7159,inventory
iris_report/iris_sep/architecture/ADR-002-primary-first-operator-pilot.md,2666,e595182c553d122d8697faccd810dd414e12081f26d58da6929a4da9d2b830c6,inventory
iris_report/iris_sep/architecture/ADR-003-schema-aligned-tabular-primary.md,2435,3358010f7e5c573b77b7b35d86b0a4c4548f3da8539a95a67837f7f2c75073e1,inventory
iris_report/iris_sep/architecture/ADR-004-daily-benchmark-cadence-amendment.md,1805,0d6d7b14365f7c4a7cec6194b71b2707c92a1d7ab4a3b544a161eca6d2bd899c,inventory
iris_report/iris_sep/architecture/ADR-005-primary-scope-checklist-amendment.md,1072,448f931d0e4a46d3d4906be5f8f4158134db58e8d2187acb0234a53be4aea7be,inventory
iris_report/iris_sep/architecture/ADR-006-structural-vs-transient-missingness.md,3602,b40f11ec008ff7f698c74be238fcf882ce4f6c92724533a4d076825abb5153e7,inventory
iris_report/iris_sep/architecture/ADR-007-observed-source-harmonization-before-reconstruction.md,4049,8f08f50d1e70ba2f0e97680a6db4a7c6fc7eb500b5b2bdf7f5d9fb66b483982e,inventory
iris_report/iris_sep/architecture/ARCHITECTURE_READINESS_AUDIT.md,4587,0093777a00870681d933ceb6432613c0e197d344ee9f665eaf11ac111b816285,inventory
iris_report/iris_sep/architecture/BLACK_BOX_VALIDATION_2026-09-07.md,10911,55e10274fcb71cb46a7d8177391e2973b5dcc6f12e00aa4bd117174c1ebc57e5,inventory
iris_report/iris_sep/architecture/COMPETITION_FINAL_AUDIT_2026-09-11.md,11934,d3a0f188d4dcd736a4eb41445298ffe39d35ad9ea65a1214bd5d873136708ef3,inventory
iris_report/iris_sep/architecture/CONTINUATION_AUDIT_DISPOSITION_2026-09-05.md,3518,d6da35577b88a7cb09e74deb4437f2acc4cefd45e47ae8660639fe6b4745511f,inventory
iris_report/iris_sep/architecture/CONTINUATION_STATUS.md,8891,b1c1cccd4095561f607db1b1d48490a307a99208f5326ba248a866f760e88c75,inventory
iris_report/iris_sep/architecture/DAILY_OUTAGE_EVIDENCE_EXTRACTION_2026-09-06.md,11219,3551a5450d64d31b7bbf3dc77cf038fcc0210a3ca8d03b94ba7cf81b10d22bac,inventory
iris_report/iris_sep/architecture/EPISODE_BENCHMARK_POST_RESULT_AUDIT_CORRECTION_2026-09-09.md,5586,a1be0a4344a629de83287e276495cf6e0827ea6b086a8c529f6fd22128504e2b,inventory
iris_report/iris_sep/architecture/EPISODE_NORMALIZED_CAUSAL_BENCHMARK_2026-09-09.md,9669,4ccb8e8c96954247f8732179dbee1679fa4a335779e8c5b166e70376e292a6eb,inventory
iris_report/iris_sep/architecture/EPISODE_NORMALIZED_CAUSAL_BENCHMARK_RESULT_2026-09-10.md,7921,09a8b75473cff00ab38c74f36dbd0d524f26ef28315ae00d0848de5910e55e0e,inventory
iris_report/iris_sep/architecture/EVENT_TERMINAL_OUTAGE_DECISION_2026-09-07.md,6456,feb484da1a3fc4fd4a6c52b0d6be0c4a9cad9b16ab398e314cea1a4e916572a2,inventory
iris_report/iris_sep/architecture/EVENT_TERMINAL_OUTAGE_EVIDENCE_2026-09-07.md,8268,4e8d6ae814473cbde64eec5a7407a3b74858fc5485701b94226e324278ba0a5d,inventory
iris_report/iris_sep/architecture/EVENT_TERMINAL_OUTAGE_RESULT_2026-09-07.md,5695,8092acd731c7b5390cce5417200c35c2c9b642a07e2e460c65f2a31364ec544e,inventory
iris_report/iris_sep/architecture/EVIDENCE_INDEX_2026-09-11.md,7536,7d84f492c5a058f329b25843a35510ab53e8ec1dfd1e8f5f75f3f1019faf8a72,inventory
iris_report/iris_sep/architecture/FINAL_TECHNICAL_RESULTS_AND_FREEZE_RECEIPT_2026-09-11.md,9201,2a80d0fb11a24c4c1922b5e3ce68ed30383793407b59c4d99ae70518011a42c0,inventory
iris_report/iris_sep/architecture/FORECAST_INTEGRITY_GATE_V1_DESIGN_2026-09-09.md,8729,98fbbc5580e8e0314e97d1aa88f8ae8991ba37d0c76ce2a2eb8e32667ceb2aca,inventory
iris_report/iris_sep/architecture/FPR_CONTROLLER_V1_RESULT_2026-09-12.md,1441,ae76fd96973412500ce0b7a0c080d1fbdedbea1fa320801f4a67ca96d4550bff,inventory
iris_report/iris_sep/architecture/FPR_CONTROLLER_V2_FUTURE_FREEZE_READINESS_2026-09-12.md,2777,67e1d1722d02b53b1706d5fdefcc0e3b0f2747fc0cd1eb3baa8e59e105204f8f,inventory
iris_report/iris_sep/architecture/FPR_CONTROLLER_V2_RESULT_2026-09-12.md,2435,599b26ee486a81233b118fe6a83d0fc6a2c0d791db2f616f6fe7ce3a88be8e2c,inventory
iris_report/iris_sep/architecture/FRESHNESS_CROSSOVER_POSTRUN_AUDIT_2026-09-09.md,2849,23816b077f2f413a541ce38b90ebb9a71020da1424bbb91b73253781b3b551f1,inventory
iris_report/iris_sep/architecture/FRESHNESS_CROSSOVER_SOURCE_READINESS_2026-09-09.md,5616,27015b5d0be8b6ac9e2413de6c538ff09556fde729d498831e7821652a4b71a3,inventory
iris_report/iris_sep/architecture/FRESHNESS_CROSSOVER_V1_CLOSURE_2026-09-09.md,6162,2de3ea8262be2dd48ce3183512181b7e0c371368a776a5d56aa8b65a7b86e9b2,inventory
iris_report/iris_sep/architecture/FRESHNESS_CROSSOVER_V1_RESULT_2026-09-09.md,8361,a8161e9f9afddf7a1e67e78e86fb19b809fc4a0c9ec6aafa7b977142252c843f,inventory
iris_report/iris_sep/architecture/INDEPENDENT_PRIMARY_STATISTICS_RECHECK_2026-09-11.md,2641,a2e35ed4dbaecb50fe86ff9d9d6b263b8438962566853bb4e194e281f56940e1,inventory
iris_report/iris_sep/architecture/IRIS_90_PLUS_EXECUTION_PLAN_2026-09-07.md,7695,8fda3cc82134e0c50baa7d9c44b8448ce1ac20ab67dfbc9ac69fc23362c6f1a7,inventory
iris_report/iris_sep/architecture/IRIS_9_OF_10_SCORECARD_2026-09-09.md,9699,674badabccb62925970a648d48d7cbdba581a142f749c450c58ee7b18d3285d6,inventory
iris_report/iris_sep/architecture/IRIS_EVIDENCE_DOSSIER_2026-09-08.md,20726,c1dd4f6612f2bd67f6e54efc22cda039119f4e04144ed894824ec51ff437b25e,inventory
iris_report/iris_sep/architecture/IRIS_JUDGE_QA_2026-09-10.md,11965,2f3b3a8f51b2147eeed8b179ce1ec08ebbd75313664dc129823757ef192fc928,inventory
iris_report/iris_sep/architecture/IRIS_JUDGE_RESULT_TABLES_2026-09-08.md,5271,bb1ae22acdeec51cfd13925da0d1040235f6b930ed2f62e04f9a7e9eb6d1365e,inventory
iris_report/iris_sep/architecture/IRIS_RESEARCH_PAPER_DRAFT_2026-09-10.md,24452,8bf0eba41cd9a1c8440f67ceeb4fbe862f00350829374a0f62bb665687064570,inventory
iris_report/iris_sep/architecture/IRIS_SUBMISSION_PACK_2026-09-10.md,9220,ce48166d90f2c2d5d3579bebbaa5f8720318e1c0ffc9fd8d33027ca25bf7d74d,inventory
iris_report/iris_sep/architecture/IRIS_SUBMISSION_READINESS_2026-09-10.md,7238,4b31cf87f84643da0c7c5bd75ea6ff00eb6bb1c2124c64b7e5d644791b21865a,inventory
iris_report/iris_sep/architecture/ISEF_2027_FORMS_AND_APPROVAL_MATRIX_2026-09-11.md,6356,d37ef4d84b74adcd542df1a2ec7b693324c0e86aca9d3e8c005061223528ad34,inventory
iris_report/iris_sep/architecture/ISEF_RESEARCH_PLAN_SCAFFOLD_2026-09-11.md,8868,36aaf7de86311741bdbf24c287d08ef39d4236ba4f1077321454ab928e24ffcb,inventory
iris_report/iris_sep/architecture/JUDGE_9_OF_10_UPGRADE_PLAN_2026-09-09.md,4609,e435de5c907c963ec0d7b970db7f140612d0125686799e96b3a7e630fb5c9665,inventory
iris_report/iris_sep/architecture/JUDGE_FIGURE_PLAN_EPISODE_NORMALIZED_2026-09-09.md,2778,8fc305434eb41846911e9f2ea3a53d22213fa28e7133120771e4a8ca1857ee7d,inventory
iris_report/iris_sep/architecture/JUDGE_STRATEGY.md,5451,77c24793ba87fabdea34b6ce2fc095afacbe4d199405f311fc7e9efd391fd3c7,inventory
iris_report/iris_sep/architecture/LITERATURE_GAP_EPISODE_NORMALIZED_EVALUATION_2026-09-09.md,4232,8eb4fa1381d27c1f35bd98418035ffda40da3c946dadf38c7cc7d597ee500952,inventory
iris_report/iris_sep/architecture/LITERATURE_NOVELTY_MATRIX_2026-09-11.md,6521,b6818c87da40c4458865462f84f6f0c4628edfaa854144a8f2dd7baf467c5163,inventory
iris_report/iris_sep/architecture/LIVE_IRIS_ISEF_RULES_VERIFICATION_2026-09-11.md,5659,2a9c4bbdf03feea7f65d789fca72db2198ddb7289bc1229ff84d5ca8ef6bd8c9,inventory
iris_report/iris_sep/architecture/MISSING_DATA_PHYSICS_STRATEGY_2026-09-05.md,13496,04d395f8e3182079e63c41a6791af036daf4e9eb1b76d1c5ef117709713fe070,inventory
iris_report/iris_sep/architecture/MODEL_ARCHITECTURE_DECISION_2026-09-06.md,7667,e63040e0d59fb7e9d32331adfe94cd4939dbd125e51fc4eea55151f94ed126e6,inventory
iris_report/iris_sep/architecture/MULTIPLICITY_COVARIANCE_MECHANISM_V1_2026-09-13.md,3308,08c00821ff282026722e35f40a8f67cb9a9942a4d894f7651ce65e306ff12a35,inventory
iris_report/iris_sep/architecture/NOVELTY_BOUNDARY_EPISODE_NORMALIZED_BENCHMARK_2026-09-09.md,3439,9b6fe54a18c7fb0beb9e1bdb52e4884027f4c939bb6921a1ace69e8fcf0686c5,inventory
iris_report/iris_sep/architecture/ONSET_CONTINUATION_FEASIBILITY_2026-09-09.md,7679,103b831ea20298f06218208d7b05eb109a6800d8849093fc03d39adedca112e7,inventory
iris_report/iris_sep/architecture/PHASE2_PRE_EXECUTION_CORRECTION_2026-09-11.md,1147,1599fab901865608877e69f9f20ee762474f2de0017bd6e047ae45ccb7bc580f,inventory
iris_report/iris_sep/architecture/PHASE2_RUNTIME_COMPATIBILITY_CORRECTION_2026-09-11.md,1870,41d2e21b8675d7fa3a4478d477a246d03b12e8f82e09fd87bf4c2f528190936b,inventory
iris_report/iris_sep/architecture/PHASE2_V1_DEVELOPMENT_RESULT_2026-09-11.md,3400,2a169fd5c1df84d848b735beb4afce1d3994acb2a74bddf1425ea60e92cabf18,inventory
iris_report/iris_sep/architecture/POSTER_BLUEPRINT_2026-09-11.md,5832,b76431bdeff1f3b54fe567a69f7836405d31e2b2a72828075165eacedb9531a2,inventory
iris_report/iris_sep/architecture/PROJECT_ARCHITECTURE_2026-09-11.md,5765,ab704362dea7607aa14e1cfb2ab3b59796469ff51ff17ac8e126d061ab4f4df1,inventory
iris_report/iris_sep/architecture/PROJECT_BUILD_COMPLETION_2026-09-11.md,8673,523d6d00148d2e46e73492502e1d13bac4048527d237c2f81cda69e4e41acb5c,inventory
iris_report/iris_sep/architecture/PROMOTED_STACK_MISSINGNESS_TRANSFER_RESULT_2026-09-06.md,7770,f09d95b817f75ee9f5b08508c95b3f22818a2dd91c0370c58e3624a22d3f2697,inventory
iris_report/iris_sep/architecture/PROSPECTIVE_CUSTODIAN_HANDOFF_2026-09-11.md,4099,ede578b64189bb6529dd49973790f79a5ab8076154c488d0168066344666df83,inventory
iris_report/iris_sep/architecture/PROSPECTIVE_OPERATIONAL_FEATURE_AVAILABILITY_CONTRACT_2026-09-11.md,7151,3b2e9bf82578001c9c3a69c5bbe3e7a3db40069c3cfb242aecdf488843d0c2cc,inventory
iris_report/iris_sep/architecture/PROSPECTIVE_PIPELINE_IMPLEMENTATION_2026-09-11.md,4755,6399234e6252fec37843d02e80abd45ea4ceaf533156e3b245e488a51e0592e5,inventory
iris_report/iris_sep/architecture/PUBLICATION_REVIEW_2026-09-05.md,2332,d4fe10936410c7a595694be0d462a12609afd9b4048762495cbdd769439c7696,inventory
iris_report/iris_sep/architecture/PUBLIC_NEW_CROSSING_MISSINGNESS_RESULT_2026-09-06.md,5894,f4d21168ee98d950ee68f846662c6d4da7a7872f90c41099ab899efb0fb4a8dd,inventory
iris_report/iris_sep/architecture/PUBLISHED_SEPNET_TARGET_AND_EPISODE_AUDIT_RESULT_2026-09-09.md,5791,1b65d92fa24f5b34bc550cd35f3af1817b68fe3e545f17cc32e8c5e19c9cc0ca,inventory
iris_report/iris_sep/architecture/RESULT_DECISION_TABLE_EPISODE_NORMALIZED_2026-09-09.md,2242,ead26c0e46315023f3b7fcc755275dd1840c17ec82726b04b62b21dd5a3e84be,inventory
iris_report/iris_sep/architecture/SHARP_NRT_EQUIVALENCE_RESULT_2026-09-09.md,2619,5644961e4be5a616611d5c25b637d4e116c62a0fcdc5f6e7dc3e6077ae751024,inventory
iris_report/iris_sep/architecture/SIMPLE_MISSING_DATA_PHYSICS_BUILD_2026-09-05.md,6844,b516bfc0fdd6c816d47f4eb5b5e70196e2f73bc1665a2a88c81d8070b47c1038,inventory
iris_report/iris_sep/architecture/SOL_CONTINUATION_UPDATE_2026-09-05.md,10899,8c0e667425c7ff2a08a4847fa561ea036efef66683b1eb5b4c1767032e499380,inventory
iris_report/iris_sep/architecture/STUDENT_OWNERSHIP_DEFENSE_CHECKLIST_2026-09-11.md,6386,e85bb6128be6beb143bdc55992730b557050e9bf6d9593974407d4ab27582e1e,inventory
iris_report/iris_sep/architecture/STUDENT_PAPER_WRITING_TEMPLATE_2026-09-08.md,15635,154f485adbc4861dab255446a6bd5a8f10739b91d3b71cc6c6adc162a63ef2d3,inventory
iris_report/iris_sep/architecture/SUBMISSION_STORY_EPISODE_NORMALIZED_2026-09-09.md,2347,9b88515c0bac501cd68cb07a85929e44e575cf6dd7e303bfc9b58dfb2ca6ab74,inventory
iris_report/iris_sep/architecture/SUBSTANTIAL_CONTRIBUTION_STRATEGY.md,6320,d5dd5202d2fd91bd2bb8380276536e1601d59ec456d284c10492bda63e32adc6,inventory
iris_report/iris_sep/architecture/TEN_OF_TEN_ACCEPTANCE_GATES_2026-09-07.md,5619,73fde000995ad63d50e90df8fb1da4d7ed89f7fa0bbb8d122865f04eee1605b7,inventory
iris_report/iris_sep/architecture/TEN_OF_TEN_ACCEPTANCE_MATRIX_2026-09-07.md,6141,8b426170eb2933324221c591b99b3f27ec1910bce20b2273d3be28ca3bf16f83,inventory
iris_report/iris_sep/architecture/THRESHOLD_POLICY_RECONCILIATION_2026-09-06.md,2815,2e84771c394df49293363b5d5fb29c9a660369eb86c5d33901366e0ffa7bd02a,inventory
iris_report/iris_sep/architecture/TRAIN_ONLY_PERFORMANCE_DIAGNOSIS_2026-09-05.md,4311,38e49481085305fc1a2eea5f046ed34917ff2047e95e72048fcbafa526633195,inventory
iris_report/iris_sep/architecture/TWO_WEEK_FINISH_AND_REAL_WORLD_PILOT_PLAN_2026-09-11.md,11506,0747763d3d2b8f9d660c1f51f78c01281695240b699fb7680bdba3c05fdc7644,inventory
iris_report/iris_sep/architecture/VIDEO_STORYBOARD_2026-09-11.md,3499,71c1365eb26fd71342c486ac50d788e68530c77fe0b82c9eddddba83809dfb1f,inventory
iris_report/iris_sep/architecture/WINNER_READY_GATE.md,2507,4bbf6b3204d682783c09d7faaf2e6d86cd85e1449c8eb8b2c9cdc7c352e18e1e,inventory
iris_report/iris_sep/architecture/operator_pilot/FIVE_MINUTE_DEMO.md,3098,92da2bccb8c9e707ec4ff3096908fe3fa3b6887c1891c357b1465f21c28f712e,inventory
iris_report/iris_sep/architecture/operator_pilot/PILOT_PROPOSAL_DRAFT.md,3755,93c683e430c3e9fe1ac1f0cf6bbacf2cb5356eff13a2634e10c5d517fbfa9583,inventory
iris_report/iris_sep/architecture/operator_pilot/SEP_FORECAST_VALIDITY_EVALUATION_KIT_OPERATOR_BRIEF.md,4164,daf8dc7bcd070e26cff7bc32976c078776f031595de860d13fe83fbe4e6a0de5,inventory
iris_report/iris_sep/architecture/operator_pilot/TECHNICAL_VALIDATION_SHEET.md,3602,da83deeee4c57eae29d8ddab460b8ba464e030847f4f6aa0b3d463ab07107d79,inventory
iris_report/iris_sep/architecture/operator_pilot/WORKFLOW_INTERVIEW_REQUEST_DRAFT.md,1828,5cff7ce3ef9a2278fc3561683620ae516436d74a830fab9278186f86bea5087e,inventory
iris_report/iris_sep/architecture/operator_pilot/WORKFLOW_REVIEW_TEMPLATE.md,1976,5af6b98e00db5bdd787006364e742f16538eaf1509b34bd515aa00ec18a140b3,inventory
iris_report/iris_sep/architecture/prospective_causal_interface_disposition_2026-09-08.json,2138,4dddef6f85302f16f89c80fe78d22cea6c9cbad135587e5317aae3178231f1c6,JSON parsed
iris_report/iris_sep/config/availability_conditioned_fallback_preregistration_2026-09-07.json,3529,611d1ba875bf9d4c978f1a22c84ad8a6d2f20426a62f186b4381758e624d2b26,JSON parsed
iris_report/iris_sep/config/availability_direct_specialist_v2_preregistration_2026-09-07.json,3131,ec9da5566de69649e2c37e920aa508ce5ce2994a59256795722b1b2c5bd06b31,JSON parsed
iris_report/iris_sep/config/availability_distilled_fallback_v3_preregistration_2026-09-07.json,2633,31efe5d80ad406db2178c48b6407a4e3d7575c98ff2efa0015cdab11a3ba815f,JSON parsed
iris_report/iris_sep/config/benchmark_contract.json,2705,0490fca6f6293a7473dda6b57e665b7d4f5f607bff3ee3faf3417476db621af8,JSON parsed
iris_report/iris_sep/config/benchmark_contract_v2.json,3268,ae2b17add2cda2129e3af8c3d64dda216af447dbb0e889b0af051fc8d2e4f3e2,JSON parsed
iris_report/iris_sep/config/context_stability_preregistration_2026-09-05.json,3947,02d00065b9c1aa0976d8d589e2e85427b86df9902f9231a1398bedabe1be8fd7,JSON parsed
iris_report/iris_sep/config/contiguous_modality_outage_preregistration_2026-09-06.json,2334,20cc461232a68a755287f578d31da7e869066178eb969e9b98cbbeae5c4f1be2,JSON parsed
iris_report/iris_sep/config/contiguous_modality_outage_preregistration_v2_2026-09-06.json,4722,8178fb99cbee88288756a65801f741dd00052f9769d6f1a1b6b48a4a158700a5,JSON parsed
iris_report/iris_sep/config/crossfit_evidence_stack_preregistration_2026-09-06.json,2768,588d7cca055584f002be08f5f7f79153f76e3c8010f6024103f54febf0ee87e6,JSON parsed
iris_report/iris_sep/config/current_development_architecture_v1.json,3685,2bd266169c032cc6dbbb161cb785047801c8aff38ed1df0402481eb78963d32f,JSON parsed
iris_report/iris_sep/config/current_system_architecture_v2.json,8839,dff0f33f4072127c73f0f7d922e5fab3b199f24957ff95c1eb6f69919718d0a5,JSON parsed
iris_report/iris_sep/config/daily_modality_outage_preregistration_2026-09-06.json,5183,c7ae8dc487f2e3d7f430c0da564b31bd96e01214cf49f9efa38e0e118306f842,JSON parsed
iris_report/iris_sep/config/data_dependent_test_registry_v1.json,2486,69cdf7c896cbe04e403a1b5cad18ef653e7c4adc2a3fe520116acdbe3eb1649a,JSON parsed
iris_report/iris_sep/config/eight_issue_status_2026-09-08.json,7832,7bd33bbf970d490f2f957a97f1a668282ab43bd1063a4b71b10dca4fc8f475ab,JSON parsed
iris_report/iris_sep/config/episode_normalized_causal_benchmark_v1_expanding_oof_2026-09-09.json,3163,d61af90c8acca829df508d05f48a03a58d23b766c35c7b3a714d8badf3df8afe,JSON parsed
iris_report/iris_sep/config/episode_normalized_causal_benchmark_v1_mechanism_decomposition_2026-09-09.json,5649,3e56b8de9f8302bed7c6ec57b3aee18784ef078cae6db8d07df3da02525f0e41,JSON parsed
iris_report/iris_sep/config/episode_normalized_causal_benchmark_v1_preregistration_2026-09-09.json,6073,53d5d209592a7a6219cbfc7c812bc062341665f43a7a90dfa0bc9a3aa05e6ba5,JSON parsed
iris_report/iris_sep/config/evaluation_policy_v1.json,1456,137b6c4ba6f8f1f83d216a4d64abc8645be1786f4fae0450726210eb0d26c5de,JSON parsed
iris_report/iris_sep/config/event_label_semantics_contract_2026-09-09.json,1858,a63f174926c704f980eecaa047b6ebc6d6f525445e1b829a11097984d168ee72,JSON parsed
iris_report/iris_sep/config/event_terminal_modality_outage_preregistration_2026-09-06.json,6829,57e1a2ac0c6fdc2b50dd5364ec4f11331e77fedc478fcd79c3422a52e6c39fcd,JSON parsed
iris_report/iris_sep/config/forecast_integrity_gate_v1_preregistration_2026-09-09.json,7816,5a53c93bd425484e3042de6d1d271f5ffa53683cfdde8b2c6bdec5db815357d2,JSON parsed
iris_report/iris_sep/config/fpr_controller_v1_preregistration_2026-09-12.json,2750,9037bb2e85ea53c8e2ca3531219d981af3890d50e9aa905537c78d8a8872beda,JSON parsed
iris_report/iris_sep/config/fpr_controller_v2_development_2026-09-12.json,2390,20fcec538b87b989046562c5e246a3b1829c232375eba363c2f375ada76d60df,JSON parsed
iris_report/iris_sep/config/fpr_controller_v2_freeze_2026-09-12.json,2998,b2988ea3b5e889cac43fdaf290db9901bed55886f6bbb2ba7bb6bb17b58a9cf4,JSON parsed
iris_report/iris_sep/config/freshness_crossover_source_probe_v1_2026-09-09.json,1813,b604fdd886e2a083461fd2f62256e50abe046a5f011c031626d2f7b7f642495d,JSON parsed
iris_report/iris_sep/config/freshness_crossover_study_v1_implementation_freeze_2026-09-09.json,8039,54d84012d929529f15a16206374c9a5c5c3504718ecd5601e07355f288867325,JSON parsed
iris_report/iris_sep/config/freshness_crossover_study_v1_policy_pooling_clarification_2026-09-09.json,1524,8b629405443af14ea9334177f813040836e065155a129f22dcf1cb046462845a,JSON parsed
iris_report/iris_sep/config/freshness_crossover_study_v1_preregistration_2026-09-09.json,7015,48d2720d6dfe6113423093e7a88d21a545850433a1945b9e8da4bfc815627040,JSON parsed
iris_report/iris_sep/config/freshness_crossover_study_v1_statistical_and_control_clarification_2026-09-09.json,3799,38c4a60126b7b5e02b1d7e45c297913b9bdd4f507ce32a072ee550bb7bcb9dd0,JSON parsed
iris_report/iris_sep/config/frozen_v3_package_archive_2026-09-08.json,1845,8bc674bba1fe35b35e4433cb070306d8a6fa3cfdaf49d8f3bbe03f0889f4cb51,JSON parsed
iris_report/iris_sep/config/inspected_evidence_registry_v1.json,3277,c498014c76e89ccf06d8d3f42c5568c018d4c80fe0e8eb32f3c11d2f0fa82ced,JSON parsed
iris_report/iris_sep/config/inspected_evidence_registry_v2.json,7294,ccc835a5fdc245b3a14c1de519fc0eea7eedf0393c5d03c4d7b29236dfc54ad1,JSON parsed
iris_report/iris_sep/config/inspected_evidence_registry_v3.json,3692,74eb3acb7d20bae5373f0dbef0de1708d7d437667eee6fa06e4aee49225ad6a1,JSON parsed
iris_report/iris_sep/config/late_fusion_rolling_preregistration_2026-09-05.json,3964,0b34d12937bceeca2e7e5934fda93bcbdfbbdd73cff3ea8553389e1c19d062f1,JSON parsed
iris_report/iris_sep/config/magnetic_map_gap_package_v1.json,2271,0a038b46a42c178905604678ae30d21e2acd511d03b3397247fad79e18256ab6,JSON parsed
iris_report/iris_sep/config/missingness_experiment_package_v1.json,2062,d476429d1c25825161dff607c621bc00e0bfc4209631db7c6de8eab2535bdc77,JSON parsed
iris_report/iris_sep/config/missingness_recovery_contract_v1.json,4750,7c47a38544035906855ce75ff6c6c3ec0c2852ecfbab6dcb0a5c39ac9d984ae0,JSON parsed
iris_report/iris_sep/config/noaa_causal_reduced_input_v1_data_contract_2026-09-09.json,4941,be0badb30ed02ffb5adf532a1cccb1a873e4f54e1391377ee94585c8e468c03b,JSON parsed
iris_report/iris_sep/config/noaa_causal_reduced_input_v1_preregistration_2026-09-09.json,8434,2c85a87849fe400ad2defbcafadda8fb029eb7e9b12ee3d19b746116d0836990,JSON parsed
iris_report/iris_sep/config/noaa_causal_reduced_input_v2_data_contract_2026-09-12.json,7878,10a7740c6cce400bd9812f161efdcfe13520efea5edc9596f86b12f19897812a,JSON parsed
iris_report/iris_sep/config/noaa_causal_reduced_input_v2_preregistration_2026-09-12.json,5873,c85f603b339bc4a0580276b74d426f73fe4510f1f38747cbc8a046a62aceef5f,JSON parsed
iris_report/iris_sep/config/onset_forecaster_phase2_v1_preregistration_2026-09-11.json,3014,81d81c227112e364969b9d2f38fbb23c0875497b46e8f41101d4e789b24731d1,JSON parsed
iris_report/iris_sep/config/operator_missing_data_policy_v1.json,3283,4f3d125a4d79dfb2e895efe3166a4a3125fbf7ac69067345335df3e908df6c16,JSON parsed
iris_report/iris_sep/config/operator_review_budget_policy_v1.json,2565,b84d381acc82297da46b1665bec3d4a382a78fcca258e5d6945bbcb5d76a6196,JSON parsed
iris_report/iris_sep/config/past_proton_active_proxy_rule_v1.json,1223,a43450374bafaca2d7c730c67815680d160795584032c09149f55ef97c67e2b5,JSON parsed
iris_report/iris_sep/config/product_contract_v1.json,2353,6b2577aed36d45e6fcf35e34375423c59e96f6acf34cb2b27573c0f5d8c82bee,JSON parsed
iris_report/iris_sep/config/promoted_stack_missingness_transfer_preregistration_2026-09-06.json,2617,80aea3a9d5a8e1db8a19b929869045b9a52dccde7f0ddac0d9c25074e23c7cf9,JSON parsed
iris_report/iris_sep/config/prospective_causal_interface_disposition_2026-09-08.json,3099,01ab62846a275aaf1a8cdd33116ac5d4148b1d4fe4f1be5ef8c608fc1d36e1e2,JSON parsed
iris_report/iris_sep/config/prospective_fpr_controller_confirmation_v1_preregistration_2026-09-12.json,5666,249fd18f6563dc20590d67a5c3a39e93325c1ffedb600e868dbdd4dc39868195,JSON parsed
iris_report/iris_sep/config/prospective_fpr_controller_execution_manifest_template_v1.json,1748,1e3a5852c6fe645aa3980e5983d7f34f7e355a5957a5dc15008f31ecae9896f1,JSON parsed
iris_report/iris_sep/config/prospective_live_input_sources_v1.json,2626,78ef0287018767d48c5a8cce7195a771d6d7d2a7f5b38f9f3dfdd56bdde18dfa,JSON parsed
iris_report/iris_sep/config/prospective_missing_feed_protocol_2026-09-08.json,4908,b995d337ea99a9614751563b74553f4af52b1ede8a3fa279618e37434cfe4a56,JSON parsed
iris_report/iris_sep/config/prospective_operational_confirmation_v1_preregistration_2026-09-11.json,5668,87f9386f233897b577b7e1a4d788087b94c027b3e4b4285f6c53d95ab6149fb2,JSON parsed
iris_report/iris_sep/config/prospective_operational_execution_manifest_template_v1.json,1135,f4d8c39de7b4c6fcb7127a0513d186ef6c59122e0f61de5f4c2e5ef304ff5068,JSON parsed
iris_report/iris_sep/config/residual_expert_architecture_preregistration_2026-09-06.json,3912,330b08d22bba4e5c20115eb6cf5ecae5d0202813bec9307d3f704965470fe951,JSON parsed
iris_report/iris_sep/config/selective_outage_policy_preregistration_2026-09-06.json,3732,f10d18550c63716526c2b1872adb4959f795bc5b73a6f85a4f67360383ef27c5,JSON parsed
iris_report/iris_sep/config/sep_forecast_validity_contract_v1.json,5479,e24799227ba4564e12b713e29770115a91e5a167c9c897033c3566fbe0b591ae,JSON parsed
iris_report/iris_sep/config/sep_prism_external_confirmation_v1_era_sensitivity_2026-09-10.json,1548,c59b7bc0b03bf1c7be979b6efa6dcead669221fc09f9538a2a0d7c9cc74e998c,JSON parsed
iris_report/iris_sep/config/sep_prism_external_confirmation_v1_estimand_clarification_2026-09-10.json,1926,0ed83671b7bb7a021be4215d58fd3ce82a0d523d91050ee075df637b74a59f6f,JSON parsed
iris_report/iris_sep/config/sep_prism_external_confirmation_v1_preregistration_2026-09-10.json,5233,35eea61d381b86a7d3f42fc21a384fbd8f2f9ff71282d8d0c29b4313f1e02623,JSON parsed
iris_report/iris_sep/config/sep_prism_external_model_replay_v1_bootstrap_population_clarification_2026-09-10.json,1825,1b9c9ffb1a76a3b8a1830715ec3f73dd965135b4a8b252f75fb60634c598be24,JSON parsed
iris_report/iris_sep/config/sep_prism_external_model_replay_v1_preregistration_2026-09-10.json,7236,ab8a5f2277570c4b87173057610e1c6e0e6edc4401232bd370945eed1c06dff8,JSON parsed
iris_report/iris_sep/config/sep_prism_external_model_replay_v1_temporal_reporting_2026-09-10.json,762,f03e157c872bcdddb76b70e3a1610ce6f5c596578f8e31d7587528c6eafd3c2c,JSON parsed
iris_report/iris_sep/config/sepnet_prism_architecture_comparator_preregistration_2026-09-05.json,4805,16c44b40155a1b6b4f8fab99e19156248ab46dc110a4f06635fbce8ceff152e7,JSON parsed
iris_report/iris_sep/config/sgps_l1b_live_binding_v1_2026-09-12.json,2391,ebf3501dc06939e6cbe5f20a5cd90834963b0ae2a70d6a1c986ec3113b0681b9,JSON parsed
iris_report/iris_sep/config/source_provenance_contract_v1.json,4497,5cac997a39a05d7a4bf3ee35f5dee69c3e69c5a016742dbb53bfa31256bc4363,JSON parsed
iris_report/iris_sep/config/swpc_rsga_operational_comparator_preregistration_2026-09-05.json,3585,e8aa97a7aa5536d0efd1747ff3d5fc60a093098304cf9bc06e43c7b2f7f1adba,JSON parsed
iris_report/iris_sep/config/threshold_robustness_preregistration_2026-09-05.json,3144,7e484124cc43c0594159a1d4ba6dd623d68123c8bb3ab9952ebee589e54a80f9,JSON parsed
iris_report/iris_sep/config/trusted_source_registry_v1.json,4319,4dca8acfdda06a4a522cd66879bd0da18f7fbf3b352ad88d3f3a1b06c9dc1fd5,JSON parsed
iris_report/iris_sep/config/two_state_crossfit_architecture_preregistration_2026-09-06.json,2477,f36d808a67c62c7d55a22cdaac89b2490d28d6691c43f1f15cdd42b28f9e7c5c,JSON parsed
iris_report/iris_sep/config/v3_alert_decision_filter_freeze_2026-09-08.json,2770,c236311c7c5b232ce9579ed2406b5eb87e72a599f0d94cdd5f3f4b1d4c933475,JSON parsed
iris_report/iris_sep/config/v3_alert_veto_filter_freeze_2026-09-08.json,2381,32c365940fd546514fb57059cf85809e66d4913175f34da443a5139794cacbc6,JSON parsed
iris_report/iris_sep/tools/__init__.py,39,6babdff59ff7ce202aaf0fd4a8b3a38dea088a295884fd4ec4274df025565776,AST parsed
iris_report/iris_sep/tools/aggregate_sepnet_prism_architecture_comparator.py,6764,7423661ecbd5e543aa7cce8dd421ba1d63a9a9fe89b53d2d266cc874f983d98e,AST parsed
iris_report/iris_sep/tools/analyze_inner_training_diagnostic.py,4410,df61bd6a415e17d0de651375eb41d1cbb8efd6869b8c398ce74db52a1ec0d23c,AST parsed
iris_report/iris_sep/tools/audit_availability_conditioned_fallback.py,9269,2a34b1bee9e1954405a1fcd2b719eedf57db6fbdae1241743eead7875a7e466a,AST parsed
iris_report/iris_sep/tools/audit_daily_modality_outage.py,12820,acb85d1e9c19a53bbe72f70736d9a5da476ba57c004bd5734cb52689e6a22c95,AST parsed
iris_report/iris_sep/tools/audit_estimands_v1.py,17860,67ab2ba0c70b774020bc045502f5bb793b3b74c68020bbded010edbb1009d9d3,AST parsed
iris_report/iris_sep/tools/audit_event_terminal_modality_outage.py,8598,a41877d50c4fd984cb028eda499376270e3c2307d9a6dc19f519953d4dd5c595,AST parsed
iris_report/iris_sep/tools/audit_followups_v1.py,8092,318381a60d9933cea5a206e12bd9b3a889a94713ac26a47c73bfbcc4d3a70497,AST parsed
iris_report/iris_sep/tools/build_baseline_ensembles.py,5358,d9c4e7609b107b9defcd688794248fcc096a897a6d2d2afe536f045aa0922fe5,AST parsed
iris_report/iris_sep/tools/build_development_hybrid.py,19029,cbe8d77be23193284cdd7f8a0c9ea94dfafdfc931e2f6078b2344577bdd69a31,AST parsed
iris_report/iris_sep/tools/build_fixture_replays.py,3183,c0867d6f8e08f856cd18e1a9ad65096210c1ff3ee4fd0c542cb4d90c17f12f67,AST parsed
iris_report/iris_sep/tools/build_forecast_validity_record_v1.py,1481,71e6a2180a992fc77afdb02aa8f730ff85332a07a8a3f29b582c96526f62427e,AST parsed
iris_report/iris_sep/tools/build_past_proton_proxy_prediction_v1.py,7851,4d2781aa5f4f54c2f18551d44aa1a24e5407bdb5c375001c720e757baf3394b9,AST parsed
iris_report/iris_sep/tools/build_promoted_model_package.py,7590,072997b572da0d6dcf34557b424cf235e051346a22c404daf7fcc2d1c18619de,AST parsed
iris_report/iris_sep/tools/build_public_new_crossing_missingness_package.py,10968,e7a44e9dc91b5809dd01e58e928e2431e7f3421c4bcefd20bed4219f2e67152b,AST parsed
iris_report/iris_sep/tools/capture_prospective_input_snapshot_v1.py,9857,d05802d6b362d2132f8219ad418aac9272c3a7d78eaa466aead2871b3a7c28f8,AST parsed
iris_report/iris_sep/tools/compare_development_models.py,5318,d8a6f41194e55f030b221d33ef3f1c539d19aa2a337353b8de432f5a1f0bc390,AST parsed
iris_report/iris_sep/tools/episode_benchmark_statistics.py,7516,5f7131b063702446ad2a5272e06a5bd4c35fcc82ab9af9441edac500e528283c,AST parsed
iris_report/iris_sep/tools/episode_normalized_benchmark.py,7542,b92cd2ec7f6554940490a7cbe996572f0357037d4e5eef5ba553bdf964fc5b71,AST parsed
iris_report/iris_sep/tools/episode_semantics.py,7399,10c85bf6c308b5f2741928b5dab24bbc789a95cc3267c9a1ad7fd087100281f9,AST parsed
iris_report/iris_sep/tools/export_availability_model_package.py,7296,f81ab43e368286d1e7e6661464eb41505dde81deb47b4eee9c95177f2672f758,AST parsed
iris_report/iris_sep/tools/export_availability_model_package_v3.py,11301,279d9fd32bf204aa85e7972dc27bbe7f78661a1951fdf8d35a03ccf92f87a0ef,AST parsed
iris_report/iris_sep/tools/export_availability_model_package_v3_replay.py,1275,200f5e6fb25602238c31905c22c502a2d3a582e17501a732c5b96cce6c77a1d2,AST parsed
iris_report/iris_sep/tools/forecast_integrity.py,6381,c95ebc9cb792395d7bfc5d9761b01a710bd6b64b8e5360bfff3e4e0dceb9f75d,AST parsed
iris_report/iris_sep/tools/freshness_crossover_v1_payload/part01.b64,10000,cd1a03d1b4af7609393458c58d2340bed396d7d953ed53cab5b9fbdf01e03543,inventory
iris_report/iris_sep/tools/freshness_crossover_v1_payload/part02.b64,9854,4492997bbd1c3cc2db0f437cc6090d5e9b28503a3eeb8d40414c78aa28705122,inventory
iris_report/iris_sep/tools/freshness_crossover_v1_payload/part03.b64,10000,609e33d8bc18f245f6acdb05c445b64cf354057c3b47f328fba7502a3089f917,inventory
iris_report/iris_sep/tools/freshness_crossover_v1_payload/part04.b64,10000,89912771ca37587930ec2e50a1838883876a72b69d1e829538111ef2e09925f3,inventory
iris_report/iris_sep/tools/freshness_crossover_v1_payload/part05.b64,8700,f45928ac2b7bb287ebdd84e091a5fae9f65f16c59fd4831347422c4d1cb17494,inventory
iris_report/iris_sep/tools/plot_sep_prism_external_replay_v1.py,3765,d56fcff4705f7abcf718db0f3f1ba2c8e06a19ec80e8db88dca1858fb3ef113a,AST parsed
iris_report/iris_sep/tools/predict_availability_model_package.py,1372,8d4e57affe799cac66c3ffaefcf0277018507b95f2dc2df12944f490586fcc1a,AST parsed
iris_report/iris_sep/tools/prepare_sepnet_v1_development.py,8676,b9d851f8d78b1f5278b9c2975dad99d99510d15a78df9f9d7d5a59019c82f619,AST parsed
iris_report/iris_sep/tools/prepare_sepnet_v1_dual_target_development.py,9856,7a98514659887038523b09f5a5ab7ed1c190f8254770d50a96a4b59dd54ec5b2,AST parsed
iris_report/iris_sep/tools/prepare_sepnet_v1_dual_target_development_v5.py,10347,5621fcbd13d2ff527a626227f24c4f4f2cacbf9c599e7f594fee97bb493a6ac4,AST parsed
iris_report/iris_sep/tools/prepare_sepnet_v1_dual_target_development_v6.py,10974,b2bc98dc9c0262e19129f31145f49c739952b732578011a6bc24eba4655b6ac9,AST parsed
iris_report/iris_sep/tools/probe_sgps_l2_filename_transition_v1.py,3373,2c03d17b7307f7ce77eb60a34ce666587c9134b9f2770257bb2517dabd772415,AST parsed
iris_report/iris_sep/tools/recheck_sep_prism_primary_contrasts_v1.py,8596,0f0c2de68d09ee57bfdaf78592aa0085649ba3a2032ad12e7eb4089a5b805d04,AST parsed
iris_report/iris_sep/tools/render_audit_figures_v1.py,4592,3457419035facede90fc14b8f8e167590933608dcc86eba1bfdb16b0691c282a,AST parsed
iris_report/iris_sep/tools/render_availability_fallback_judge_summary.py,7118,879be2698fbfe76052d01b82ab0492eed1fcd5567216abd1beb020a19479cd93,AST parsed
iris_report/iris_sep/tools/run_availability_conditioned_fallback.py,18431,b9e07afc9ec346f9a0d7935c11b840d7a55209fbcc20ed6a41214a471c2538e2,AST parsed
iris_report/iris_sep/tools/run_availability_direct_specialist_v2.py,10888,0489a41835d6368bdaee100a46338deda4f9545efd28c2d1caa4703dda6b0efa,AST parsed
iris_report/iris_sep/tools/run_availability_distilled_fallback_v3.py,14696,124ba8efd4c1b6226c5f2650987be737b2e00040a2c1f3738e1fa5d52cd61ba5,AST parsed
iris_report/iris_sep/tools/run_availability_distilled_fallback_v3_replay.py,1366,ec2eb76e5f68d3af467428ce9f57f8f21e2bfb08f3aca3f0220259eccaf1ef25,AST parsed
iris_report/iris_sep/tools/run_compact_nonfinite_replay.py,13488,867ce8c5203bf7b511663642ce10470a154fadd050e00ddbd3ff6142f40a80c8,AST parsed
iris_report/iris_sep/tools/run_compound_validity_benchmark.py,5650,5518353817dec165f35b7d137f7fcd442c84114a80ff8c976c3d65eafd061454,AST parsed
iris_report/iris_sep/tools/run_context_stability_diagnostic.py,14398,45ee6a01d0a67cfb58b521379004a7ff8101f2ba35ecc33ec8bcd146e1783b69,AST parsed
iris_report/iris_sep/tools/run_contiguous_modality_outage.py,12506,68135773db02783a7cc3e5457778d1b7a0ab2a64872bb2e6108486af1fe9ba30,AST parsed
iris_report/iris_sep/tools/run_contiguous_modality_outage_v2.py,17122,570a0120db2f021e9b80555a1d585d2cfe74c602c74b48c6d60c712264bc890a,AST parsed
iris_report/iris_sep/tools/run_crossfit_evidence_stack_diagnostic.py,12793,b5ba9abad0e663b54bc2bba307dcd7b3cfbe271403e8e0e2b9799cbd6df99c47,AST parsed
iris_report/iris_sep/tools/run_custodian_prospective_episode_evaluation_v1.py,14587,e783a15dd42e67a224ba1caefc66499959de160a3592a1a426b74ab559802125,AST parsed
iris_report/iris_sep/tools/run_daily_modality_outage.py,21531,33e0bb4d644ffda4e57547f901552f9932f85df1c086a5e85cbc47611f599660,AST parsed
iris_report/iris_sep/tools/run_episode_benchmark_published_audit_v1.py,15137,3362e6db5e6098f29b248050911893e6dc8db93d369f08f8979bb7b978579f39,AST parsed
iris_report/iris_sep/tools/run_episode_normalized_development_benchmark_v1.py,42452,30f44d2b295cb23f4fb880d13bbcca0d05f92b2d8d27501c44775d8f07ecbcda,AST parsed
iris_report/iris_sep/tools/run_episode_normalized_development_benchmark_v1_auditfix.py,22834,08808103d0fec65e890dc88f46a38feb7fa3821d5687201d1568920d59856c70,AST parsed
iris_report/iris_sep/tools/run_episode_normalized_development_benchmark_v1_compat.py,3914,510de932e45db73ba7b3bef9fb0807b97efec9525200dce64dae4e7ec8ef6561,AST parsed
iris_report/iris_sep/tools/run_event_terminal_modality_outage.py,19652,ddef86af7ac43a13f30c15567be641c2179f5d264bcaabeeac3f33a727e65d0f,AST parsed
iris_report/iris_sep/tools/run_forecast_integrity_study.py,11104,bfddaaf0796e129db9d33adc453fec646002761e6da22943b05d0f8a79d812ca,AST parsed
iris_report/iris_sep/tools/run_fpr_controller_v1.py,8101,d8836dc7b059322dcb1702a049eb296b4208e556fd870464b25e3d0d615d7e85,AST parsed
iris_report/iris_sep/tools/run_fpr_controller_v2.py,5874,172d8550707808de7799c17e599fd358ddc8a6f51fd3e4938253d20031a566c6,AST parsed
iris_report/iris_sep/tools/run_fresh_source_audit.py,12171,848d0c17f2850c83f67d36aeff58232f6216b1f740320bca2e49683922edb169,AST parsed
iris_report/iris_sep/tools/run_freshness_crossover_source_probe.py,14242,ac23edcd5c70d7b9631e2d9a4dbe7b54681bbc79042a45dd1914e7533990d76f,AST parsed
iris_report/iris_sep/tools/run_freshness_crossover_study_v1.py,23616,010807a96ed0941d729fc0445833cadd093224bd06ce34509571711c646b7ece,AST parsed
iris_report/iris_sep/tools/run_freshness_crossover_study_v1_payload.py,1944,c631f12c1bf7691a6a46f67ad5eb6f73df9ce2d57a9efa595a143473c4faa560,AST parsed
iris_report/iris_sep/tools/run_freshness_crossover_study_v1_reliable.py,6598,cd720914de8c2605faa96f1e44ed44043d7d11cfc325337907fc650efd08805d,AST parsed
iris_report/iris_sep/tools/run_inner_training_diagnostic.py,11763,af3e9e5d01758dc684b62e31ea61ef483dc4d3f80f251aacce26dbd65c2e0df8,AST parsed
iris_report/iris_sep/tools/run_late_fusion_rolling_replication.py,15372,951dd7a6199b42b391aaa613c11886339bd4fa10705f20267bf7ec738597bdd8,AST parsed
iris_report/iris_sep/tools/run_local_baselines.py,10881,fba928ab56cd23c2779e730a4e69831cc1eeed4f8402ab6bdcef513c9908d0e3,AST parsed
iris_report/iris_sep/tools/run_local_xgboost.py,8939,4527f84ddc502ef48688ef0af73e73e466a3517009984ec4ca9e1b4aea86ed77,AST parsed
iris_report/iris_sep/tools/run_missingness_forecast_benchmark.py,13330,4f50a483a15b736a7ae55d3d5fbdde793937de305106b25b11d649a91da7fe34,AST parsed
iris_report/iris_sep/tools/run_noaa_reduced_input_source_probe.py,13832,cdee4c06990d101cb6b254beef91af992c452f58c72aa69b3b51e2936ea4b286,AST parsed
iris_report/iris_sep/tools/run_noaa_reduced_input_source_probe_v2.py,16209,ccc022e13c9f975ad94e7ff2b9df908d5b8c31e0ccc1f53d08b4ff78fe96b569,AST parsed
iris_report/iris_sep/tools/run_onset_forecaster_phase2_v1.py,17160,6d8265ea328fc410e01514423340328858fe281f064abed2d06f2544b5748d1a,AST parsed
iris_report/iris_sep/tools/run_onset_forecaster_phase2_v1_execution.py,5665,949fff5eaeb2daebc935d9d2002d90a1689b85e4102d9afbe6684b033874eedd,AST parsed
iris_report/iris_sep/tools/run_operator_review_budget_diagnostic.py,7258,85f5c1e5c3dae12bce97f97c83d1affa93f12aeefdb8451e6e99a483d9a731a3,AST parsed
iris_report/iris_sep/tools/run_promoted_stack_missingness_transfer.py,15251,c3eae671ccac439a4cd434f0172c2412f38bd470860b2d843c476f3f6210c0ce,AST parsed
iris_report/iris_sep/tools/run_prospective_source_preflight.py,13329,4c57c354703a88b6555beb42dbc5a0c760c0f005291be6554e929ad92068e09a,AST parsed
iris_report/iris_sep/tools/run_public_new_crossing_benchmark.py,24568,50436ecfd32491b7d046c6181f18b9d6fbf41e1736aade0a228409d30c4428e0,AST parsed
iris_report/iris_sep/tools/run_public_new_crossing_benchmark_v2.py,8628,f695f0c562efe25577e0869609fd71465c432109aeeb865bb294b336273c4911,AST parsed
iris_report/iris_sep/tools/run_public_new_crossing_benchmark_v3.py,2623,bcc58b989b5f5fb7b3673b64868b9cc812b783c7248bf30f57591858d3e0568c,AST parsed
iris_report/iris_sep/tools/run_public_new_crossing_benchmark_v4.py,2797,9d147bf57c1fa8a4254b2563ecbe87d8827f4a99aabd7bed39015fbbfcc59bfc,AST parsed
iris_report/iris_sep/tools/run_residual_expert_architecture_diagnostic.py,8811,eef9dfc7b5d7cf614f4c8db59506b7854ee11df27691f5d165b7171f58a12247,AST parsed
iris_report/iris_sep/tools/run_selective_outage_policy.py,10918,66651244bb7ad6530aaaecd854c3ad9031728f58e2ab296e6fc930072d6b971f,AST parsed
iris_report/iris_sep/tools/run_sep_prism_external_confirmation_v1.py,18312,d1c2085fa5fb1c5cda0bf64647e50e10cf778dd31f63e1572a9969bc25ca485f,AST parsed
iris_report/iris_sep/tools/run_sep_prism_external_model_replay_v1.py,23157,42253c2ce143ba8bc253695a71d50350f6d6ad5827e845c12e5047cd48f12b3e,AST parsed
iris_report/iris_sep/tools/run_sepnet_prism_architecture_seed.py,12062,1aec05a17c9cc4f34474693e79692c63627b396c0c9f0aa3cac09468e80183a6,AST parsed
iris_report/iris_sep/tools/run_sgps_l1b_live_binding_v1.py,14851,b84b45d157b4e240f7364175f209b1139403b704384ecfdccc7f17a9cc7dc3a1,AST parsed
iris_report/iris_sep/tools/run_sharp_nrt_equivalence_probe.py,10465,59c3b554ff7c72306de96c6c3c99f12ac1b93da6e512ce85472863330b68e5b5,AST parsed
iris_report/iris_sep/tools/run_simple_physics_gap_benchmark.py,7447,33114f0ea34f73d5805e6a6077646756850d6345638608eb7ae4f5500703d5b0,AST parsed
iris_report/iris_sep/tools/run_source_only_tests.py,3312,47f281f9ac0e71ef8e0b6c5f464e58c1f9ad2492158d4a445c4646d7a57613db,AST parsed
iris_report/iris_sep/tools/run_threshold_robustness_diagnostic.py,9403,ed857e5320a8961e781f2a42cf0f1706f08af046a3453b310cb076186c2e6688,AST parsed
iris_report/iris_sep/tools/run_two_state_crossfit_architecture_diagnostic.py,11101,20c211995e824a9b797878589b9f670c52cfe1b78feeba9d444993f41358d877,AST parsed
iris_report/iris_sep/tools/run_v3_alert_decision_filter.py,13011,f1892e95dd52b45b0b2d01b66a72f34dcbca84a70ca5ee899dc99adefdfdff06,AST parsed
iris_report/iris_sep/tools/run_v3_alert_veto_filter.py,10376,c9b2eb153a0b5da5438f040107152f37a715ebf6e591c1731183b1c7ba9b4170,AST parsed
iris_report/iris_sep/tools/run_validity_envelope_benchmark.py,4756,ad750f7fc6b242fae39542cf4ebc7c25c699310bf70c971351fe521f0590f6b3,AST parsed
iris_report/iris_sep/tools/scan_sgps_l2_source_regimes_v1.py,6713,8f22e71d5ca455b3aa860182f63a424b732e7a162c4f3c061ed6d0617b77f3de,AST parsed
iris_report/iris_sep/tools/seal_training_split.py,4653,3410f3745c141628dcc9e0338a392afb9242b96cfcf6c078e3a7426ca4667116,AST parsed
iris_report/iris_sep/tools/train_corrected_sepnet_o_v1.py,17622,42590933ddb35936f2cfbd6a919f714cf1f7bc7017bf2ab63a5002b2d4af39c7,AST parsed
iris_report/iris_sep/tools/train_corrected_sepnet_o_v3.py,21560,5cc6bb92dc4b373d3495c0f6d99780a2979f2711d56837ee01c571fa0ca88e5d,AST parsed
iris_report/iris_sep/tools/train_corrected_sepnet_o_v4.py,22023,973a806e3f450e70422c204c0ac1ac1ad8b748814c10600c29e8572a7a114514,AST parsed
iris_report/iris_sep/tools/train_corrected_sepnet_o_v5.py,22759,0708f48521357a8e9445752fd1c61040829ed190820ef4cab67b9d97be0d423e,AST parsed
iris_report/iris_sep/tools/train_tabular_multibranch.py,20647,706d738e9cbfd99d29d8d42b5f8f88d7ccd397ec27dc51158f3704401817a98d,AST parsed
iris_report/iris_sep/tools/validate_prospective_fpr_controller_freeze_v1.py,6517,8da74e943940dfd7c2f56e4a8ea3ddecb9400b78a05d37239b31f0eae1cf1511,AST parsed
iris_report/iris_sep/tools/verify_episode_development_artifact_v1.py,5878,f65217cf357a73d54e269ea5ea6f182559050a9dd4fee242d554e79d19f81bcd,AST parsed
iris_report/iris_sep/tools/verify_episode_development_artifact_v2.py,18588,f5427543e70f1abc28b43455c0060bc0c2023801ca80ee616e4ff866eb80684b,AST parsed
iris_report/iris_sep/tools/verify_multiplicity_covariance_identity_v1.py,6033,7b31c1d690d07e2d846b12933e05eb87790a97d95f059c16fd2c74aa752d9211,AST parsed
iris_report/iris_sep/tools/verify_prospective_prediction_ledger_v1.py,4706,0108132e19f18f140eda8a5e280297f35ca941dfd0f98cfae849021a289328ab,AST parsed
iris_report/iris_sep/tools/verify_sep_prism_external_confirmation_v1.py,8502,30e1de8b3e2d412cc9ec5a6bf6665517bdea499b173211687aa413c2462852ac,AST parsed
iris_report/iris_sep/tools/verify_sep_prism_external_model_replay_v1.py,15422,a720749c92d8f1bd51fd0a98b669de97179af615e011a4a00702627da91c3668,AST parsed
iris_report/iris_sep/tests/test_alert_decision_filter.py,2723,03e0e3ed31cf432d3c7c57baf0fe1d2e42a6396a66cf36687e8917315e17e420,AST parsed
iris_report/iris_sep/tests/test_alert_veto_filter.py,2036,6e8ffb398d92a5789605bf600a028feffd457a500eb796d0405e21e944b837a6,AST parsed
iris_report/iris_sep/tests/test_audit_estimands_v1.py,4530,fb006fef7974d03278b0399a82d08ad0370ec94a8ece85bc6fd933c4d77d3a07,AST parsed
iris_report/iris_sep/tests/test_audit_followups_v1.py,1429,9e199b0f808e1fdc1c0c5f30a70070d9e96bd164cd51ce9465747d1777c57501,AST parsed
iris_report/iris_sep/tests/test_availability_direct_specialist.py,3510,93c23f1ed042669642102f8d985601c4c5dbe6f5caf6790cb9b6ef8144c56d1e,AST parsed
iris_report/iris_sep/tests/test_availability_fallback.py,6154,6d2380422bd6f39265f7d7242e77b209d82e2cf2a922060df6d29f002288565c,AST parsed
iris_report/iris_sep/tests/test_availability_trust.py,5025,bfeaccfc45664251b668c8df8f45e8f676317df67092dd4d86daa46b9353adda,AST parsed
iris_report/iris_sep/tests/test_causal_feature_aggregation.py,6018,650eaaaf0b4a5eaf80786ccbd63ad2cf8ce10ba8a02172a7dc485fbcc3ca5b5b,AST parsed
iris_report/iris_sep/tests/test_causal_feature_receipt.py,5071,2eebadfed0ced6d77c24264f49522b7850dfada4636b7ba577162446f9b34118,AST parsed
iris_report/iris_sep/tests/test_compact_layer_replay.py,4568,a89d79a1d93b37bb8ec6e2f0ae9ac469281ea7111541aefc6f988aac7d789190,AST parsed
iris_report/iris_sep/tests/test_compact_nonfinite_replay_tool.py,2125,ade607b5c1eede7e6d9cb99954aaa6211d3111901c541925fb85796d0c4b18ab,AST parsed
iris_report/iris_sep/tests/test_compound_validity_benchmark.py,628,f86bd9ef85a1fc0aca42e614b35cd2ea50033e614aae54e46c17e4a04904ca89,AST parsed
iris_report/iris_sep/tests/test_contiguous_modality_outage_v2.py,3196,0e68881144e6d2262ffb550ef18b8108c52d4e691744283e371f72fa493cafb7,AST parsed
iris_report/iris_sep/tests/test_contracts.py,1758,8eec1b07c1af64133f19f551bafa934be02c6327ba315be54ba5b02050cf6ce2,AST parsed
iris_report/iris_sep/tests/test_corrected_sepnet_o_v1.py,3393,6b2ccdb752acb93c0b0a3b00ad4fcf9e608c17346d91b459d007c51dfe275c73,AST parsed
iris_report/iris_sep/tests/test_corrected_sepnet_o_v3.py,5559,bf912aadb9cf678b769801286b30c665ad97da50b15eda01c977900c9af987c8,AST parsed
iris_report/iris_sep/tests/test_corrected_sepnet_o_v4.py,6088,3681397b974a89c62da104f0d06e9a3bf3756ba8968179e10c3ac006c406d507,AST parsed
iris_report/iris_sep/tests/test_corrected_sepnet_o_v5.py,6979,ec328a288ec3afd7d798a2c34ab8597d56d9b8b54be3f30edd5e50349287e4b7,AST parsed
iris_report/iris_sep/tests/test_daily_modality_outage.py,5018,d9907a0785b72897389c5f7bd0c01be26c82be47164fea722868d4e4abbeb50c,AST parsed
iris_report/iris_sep/tests/test_distilled_evidence_stack.py,2207,40af3e488b48ec3c091690e41ab96ebfb6279b94a9f553a1c6c013d6b69f067c,AST parsed
iris_report/iris_sep/tests/test_eight_issue_status_contract.py,4145,385b717536c81f90018518029d2847dddfa53ce5feacac34ec12ab13546baa10,AST parsed
iris_report/iris_sep/tests/test_episode_audit_correction.py,3143,f16a0f12a401bd03a50d498777b3684f6418c90b1d22d9042b759421549ad672,AST parsed
iris_report/iris_sep/tests/test_episode_feature_compat.py,1170,b416768b60e989dbd31e05465e807ab1f5ae02f33f3b3b39a9ff1509f2bdfa4b,AST parsed
iris_report/iris_sep/tests/test_episode_normalized_benchmark.py,4542,fe63181f247def433e9bb73df2a764af13ac49dc8933eedc313b4f4ba73c0547,AST parsed
iris_report/iris_sep/tests/test_episode_normalized_benchmark_contract.py,4796,769cc8e35d335089354c47bf14e2acd9593f556ab9b006719bb020b3cd95bb89,AST parsed
iris_report/iris_sep/tests/test_episode_semantics.py,3600,a86169090fe8b65c4ed4e99a130a22f6e08458b6891194ef1221ebe890282f50,AST parsed
iris_report/iris_sep/tests/test_event_label_semantics_contract.py,5885,3337025efef5b21b36d11104064bc80bf93f06f17bb1a59a25d74f1451510460,AST parsed
iris_report/iris_sep/tests/test_event_terminal_modality_outage.py,2506,64348d1e12cc3855eae8343694dc60afd5b26dedd003248714cca7c5807bc0e9,AST parsed
iris_report/iris_sep/tests/test_fixed_forecast_benchmark.py,6978,76dbc2f5fd6f5498263430854dd1138aa0996ab4c45c3fb822733a0436c309df,AST parsed
iris_report/iris_sep/tests/test_forecast_input_provenance.py,7110,c4e0a30b48674876cf09383c95ea03d9c2be3d56c089e883512a6c609a49880a,AST parsed
iris_report/iris_sep/tests/test_forecast_integrity.py,2931,8145979d3193057aca00a9300f731a041518aae43ddfd64b350ff313a7b26ba2,AST parsed
iris_report/iris_sep/tests/test_forecast_validity_contract.py,6476,792141d2aac9b2978ff54fc47e30803e06757cab431fa1fda9a54f66abb6aa5e,AST parsed
iris_report/iris_sep/tests/test_forecast_witness.py,5104,0dc7c492c69a84a63e819bff1a880592cc66cb0ceca9dfcb9a57ddef90b901ad,AST parsed
iris_report/iris_sep/tests/test_fpr_controller_v1.py,2514,f09e664c85d80fcc74a5c2d0e7a37826c51262c90c95e3a503568dbfa5c39611,AST parsed
iris_report/iris_sep/tests/test_fpr_controller_v2.py,1146,aa633bb7eee1d3b3fe453ba2758170889926d84d8d5eeb0888ecefd2199c0aa8,AST parsed
iris_report/iris_sep/tests/test_fpr_controller_v2_freeze.py,4220,b12288c4052285e253eef0d74e57b868f68c2ef247eebba4468046b835ea349a,AST parsed
iris_report/iris_sep/tests/test_fresh_source_audit.py,2534,faa93c5f9654dd8238011bd03bdfbb649a66da0c59eecea966d8b9c7db3c08ec,AST parsed
iris_report/iris_sep/tests/test_freshness_crossover_source_probe.py,2697,a53147b4233cfb1b9f039cf35261f2a105302a20a4a18d41fed9172eb9962be9,AST parsed
iris_report/iris_sep/tests/test_inference_bundle.py,8599,c13e4032f06a572a075a51031e61229bc864b71f4742e99a8904071cf09821d1,AST parsed
iris_report/iris_sep/tests/test_inner_training_diagnostic.py,1375,b8a455938f5f535ce97efb5ac068c041301b044709e04c6c177ae5d513354738,AST parsed
iris_report/iris_sep/tests/test_missingness_audit.py,6320,e2a63157496c9e93f1b8f21bdb6abac7589ffbeba78e92268be2c98c8beb4254,AST parsed
iris_report/iris_sep/tests/test_missingness_contract.py,2022,73035003b37ad4421b5ef70d2ffd4a0bd7f2ca634b04062bd321b22fa03ba86e,AST parsed
iris_report/iris_sep/tests/test_missingness_experiment.py,4867,207875a0a24bc69e391f81f3f1b0a2895c03fdb6812f11462563256445ed9a74,AST parsed
iris_report/iris_sep/tests/test_missingness_forecast_tool.py,5340,e0b41c4907b7da9d249d2a369804526fee1be3e6175cb1aa5377a175ef568305,AST parsed
iris_report/iris_sep/tests/test_missingness_recovery.py,6546,6588a2bd5163ba0510e8ef37107dd3b6263ad76d76a1fbe56f49b00f222176d6,AST parsed
iris_report/iris_sep/tests/test_model_package.py,7011,6b811ada2b107b3a320d7792972b67f44c4befc831cc31e42e9a396d117bb9f2,AST parsed
iris_report/iris_sep/tests/test_multiplicity_covariance_identity_v1.py,1625,6aebcdee1337a14756c6747f6187b188f03bcb93528cef3be10ffacb6054cc5f,AST parsed
iris_report/iris_sep/tests/test_noaa_reduced_input_source_probe.py,2599,f2bfead30467c853c1025265e459b912af212dfcc7b40911b1d184b21bd874e3,AST parsed
iris_report/iris_sep/tests/test_noaa_reduced_input_source_probe_v2.py,5304,2210a5b7fbb12655595d0d50f0e99e836cd00af3313577ff08a1dec3640a8586,AST parsed
iris_report/iris_sep/tests/test_onset_forecaster_phase2_v1.py,4864,35933ca4ac11533ae167de2c62cb1040104845a987b592c665f5e0b3680e9004,AST parsed
iris_report/iris_sep/tests/test_operator_missing_data.py,8393,48f1eaa02567b8955001b3d83070d03b44c6e2defc11bef627d8ef5c5582371d,AST parsed
iris_report/iris_sep/tests/test_operator_review_budget.py,1674,4dedbe2e88ec99396c36a6baaaaeb0e5273cf07ce61e98d9cdcbae931de293d3,AST parsed
iris_report/iris_sep/tests/test_physics_gap_experiment.py,5332,a6d6b52a0df234a77d419f98ad9fcfe461bca8dd4e5e976001609d9dfbf832ff,AST parsed
iris_report/iris_sep/tests/test_pilot_admission_v2.py,1958,c9b48f638c0e57a910e96b076bf20a84ced2b795c0e6e3c1413e11a3e54433b7,AST parsed
iris_report/iris_sep/tests/test_pilot_replay.py,3894,8795c9809b08ee68333f157fac1dde59a3d8645e44968750e327000946b81fe4,AST parsed
iris_report/iris_sep/tests/test_positive_evidence_stack.py,1390,e344bc9c49559b67acdd11abc0ade17aaa073d2f1bd51ed95d27638040305d9e,AST parsed
iris_report/iris_sep/tests/test_prepare_sepnet_v1_dual_target.py,3293,8c71aee30cf390c88e296ae7c17b179059c4262859ffc786fd0af95cd77f2777,AST parsed
iris_report/iris_sep/tests/test_prepare_sepnet_v1_dual_target_v5.py,4617,7cfdab6830b2d513641106341a474d3eb89e600f26beda485d2c45f49b3af152,AST parsed
iris_report/iris_sep/tests/test_prepare_sepnet_v1_dual_target_v6.py,7762,a00bee71cbb46c7760c1d8c279fb6fc8860b460d15f331d2fbe975cd475057ff,AST parsed
iris_report/iris_sep/tests/test_promoted_model_package.py,7989,6c3abf5c9180f3a116817ff31f27d8e89b56808139bd52578e5825d588b33027,AST parsed
iris_report/iris_sep/tests/test_prospective_inference_bundle.py,9904,986dafda0ad52508ddbe97857ba7ef2da278ca65816e5ef203b8be8fa720bc8b,AST parsed
iris_report/iris_sep/tests/test_prospective_input_pipeline_v1.py,5499,7707b41a0b6f011de6061ced0306a484c373ce148318ac6c5b4425efc351f669,AST parsed
iris_report/iris_sep/tests/test_prospective_operational_confirmation_contract.py,5162,b18bebf19e329bc5972bdb724214c26844dd3d3861fcbdd155e5388d7618f913,AST parsed
iris_report/iris_sep/tests/test_residual_logit_fusion.py,3192,854feeb93e2bc172d958ea843b27cb42b4332ce714cb9aea4ded1f123b91ad0d,AST parsed
iris_report/iris_sep/tests/test_run_forecast_integrity_study.py,2466,8b95f5f898ae1043fa11605c76f4fee43e63da88447fc668c212af5ebc154630,AST parsed
iris_report/iris_sep/tests/test_seal_training_split.py,2145,8b942d5ecf4c4588d7be5a4342f605ff5bfdafe5ea8fea2a6b37b91d07b69e09,AST parsed
iris_report/iris_sep/tests/test_sealed_comparison.py,9446,6de8fd63c2b6d4cb3c01d65928efeab7316c542dc10d5d27308240dd05e3100a,AST parsed
iris_report/iris_sep/tests/test_sealed_evaluation.py,14133,4fef67bd11b33792651d7bd2d8a58284659b81120af8c0435ae68d8de16a2f93,AST parsed
iris_report/iris_sep/tests/test_selective_outage_policy.py,2439,62603558fa56abe2d4e558d682ebd87abc6997cfefab86ff8ca4561fc12e9b49,AST parsed
iris_report/iris_sep/tests/test_sgps_l1b_live_binding_v1.py,3563,92a138fadecdb87defc3a2d785f2e082fcaefdb58bf32c8cfda9f99187960042,AST parsed
iris_report/iris_sep/tests/test_sgps_l2_filename_transition_v1.py,766,9a3b89c2c9e06b27469e92faea514a63c10f1d8102b9fc930e328c4afc0df5dd,AST parsed
iris_report/iris_sep/tests/test_sgps_l2_source_regimes_v1.py,1588,29160770a288efa98f135e0e8557b889653cebec36313a1b6a4bda4941b6de1a,AST parsed
iris_report/iris_sep/tests/test_sharp_nrt_equivalence_probe.py,2311,ab282f670799ddd45d9f42b7497201af77a17c3538e0325adfae39c48d9bfaac,AST parsed
iris_report/iris_sep/tests/test_simple_physics.py,4024,ea7ec3fef9ac6d6f61d2ff5c108004548a3d544e7188d76ef06c67c9fd91b985,AST parsed
iris_report/iris_sep/tests/test_simple_physics_gap_tool.py,4172,9177e3f525497ab761fe4b4ae38aaba45fc072ad562aa727881e5d71d31db925,AST parsed
iris_report/iris_sep/tests/test_source_authentication.py,7369,d373d56abddb4f291d20c17886bcef40aa5fd3c5cc9cc86fc0f7118bb7242ffd,AST parsed
iris_report/iris_sep/tests/test_source_only_environment.py,1708,592127a24f3a4d3ec460c3feb59f1e37ced8a808f6a85315e199e3530c49526d,AST parsed
iris_report/iris_sep/tests/test_submission_frozen_results_contract.py,4660,068c679a2b99c58e5da07eb743fd1f0781f7b5a4d71dd3159dc8532fe4df37e6,AST parsed
iris_report/iris_sep/tests/test_tabular_model_runtime.py,4974,ce496d1fc88aa7ca18f1fee29556d6a3d6aa417ee87512e3acb50cb9a8bac348,AST parsed
iris_report/iris_sep/tests/test_tabular_model_static.py,808,f34382fa54c5ce059a104f632c777a5337842943e080d276cc15033ec65e9783,AST parsed
iris_report/iris_sep/tests/test_timestamp_portability.py,3127,3b4ec74f5ebc830bbb59d6fad44a342722fb9ef98da470b3edf097f94ea62453,AST parsed
iris_report/iris_sep/tests/test_two_state_features.py,2731,ad65b7479c437e8c30d8b0626c0984ee2b8c03c4ec5631b2c90b7832e91a3716,AST parsed
iris_report/iris_sep/tests/test_validity_envelope_benchmark.py,715,eb35d1df1b73fc3d312fc9312b83ee569bdece617508ac72948e15e38c79b2a6,AST parsed
iris_report/iris_sep/tests/verify_contract.py,1583,157446f413422d86b515a50c51df8529bf3e51d9efe219a0b5f1d1d2d9fbffaa,AST parsed
iris_report/iris_sep/tests/verify_corrected_sepnet_v5.py,4605,56157eba6419c7879483263733d390157a1ae25d809ac7151445f5e997d8143b,AST parsed
iris_report/iris_sep/tests/verify_local.py,17090,fd3bcd633e683f4ba32565ec606db657315ccff643f79c2da673afd7577fda8f,AST parsed
iris_report/iris_sep/submission/IRIS_2026_EVIDENCE_BUNDLE_V1/FROZEN_RESULTS.json,5351,ed8d063a4c2f1de6e4c52c91ba2be43e3931cd5c2048a076d158d1ce2caf3b1d,JSON parsed
iris_report/iris_sep/submission/IRIS_2026_EVIDENCE_BUNDLE_V1/MANIFEST.json,3213,a7e98bf3e1a615aee53bc5e1aa502bfede9c10da6c53cef090fb72ba43597cfc,JSON parsed
iris_report/iris_sep/submission/IRIS_2026_EVIDENCE_BUNDLE_V1/MODEL_DEVELOPMENT_FREEZE.md,1688,a089b42d2541e1c6fb6746b36b936604023827ce921a2c66c7738f8f3a2b2020,inventory
iris_report/iris_sep/submission/IRIS_2026_EVIDENCE_BUNDLE_V1/NEGATIVE_RESULT_LEDGER.md,2884,b141a25602748e6cc5733ccdfe74b6ca5de32685d3681e5c89fda1f533e76d4a,inventory
iris_report/iris_sep/submission/IRIS_2026_EVIDENCE_BUNDLE_V1/PORTABLE_ARCHIVE_RECEIPT_2026-09-11.md,2470,1da42e7d3f62511ec9957cdd49d7ca78724a5aa74554664ccdde11bd06726c19,inventory
iris_report/iris_sep/submission/IRIS_2026_EVIDENCE_BUNDLE_V1/PROTECTED_DATA_STATEMENT.md,1301,e6c4d9e57a74238850703ed7e8d0ace562cc28b0e2ed7853b5c2b853050733b1,inventory
iris_report/iris_sep/submission/IRIS_2026_EVIDENCE_BUNDLE_V1/README.md,4647,ee9db984d013f904920377d279060cca2cd3cfe907c6cda8f5b0785b7a6be6a1,inventory
iris_report/iris_sep/submission/IRIS_2026_EVIDENCE_BUNDLE_V1/SUBMISSION_GATE_CHECKLIST.md,3157,257e77190263ddb955d663e937eacf45494e63b772b6710d15b862e7e740e305,inventory
