model,feature,mean_abs_standardized_coefficient
13 independent scalar proxies,gradient_rms,2.7644367581536904
13 independent scalar proxies,unsigned_flux_proxy,1.7091439437644038
13 independent scalar proxies,high_gradient_fraction,1.581495704824246
13 independent scalar proxies,rms_field,1.2672562256448863
13 independent scalar proxies,spectral_high_fraction,1.153216318389827
13 independent scalar proxies,strong_component_count,1.112081369762628
13 independent scalar proxies,spectral_centroid,1.0795017550870134
13 independent scalar proxies,positive_components,0.9289094447818194
13 independent scalar proxies,signed_flux_imbalance,0.8948792045916857
13 independent scalar proxies,negative_components,0.8808045850100346
13 independent scalar proxies,spectral_potential_proxy,0.6511795024626543
13 independent scalar proxies,strong_centroid_separation,0.1935073806162511
13 independent scalar proxies,field_energy_proxy,0.1547962015944421
16x16 coarse field,block_08_07,1.2773072719573975
16x16 coarse field,block_05_06,1.1510930061340332
16x16 coarse field,block_10_08,1.093551516532898
16x16 coarse field,block_08_01,1.0443751811981201
16x16 coarse field,block_06_06,1.000081181526184
16x16 coarse field,block_04_07,0.9189597964286804
16x16 coarse field,block_08_05,0.9055401086807251
16x16 coarse field,block_08_09,0.8897759318351746
16x16 coarse field,block_08_06,0.8839627504348755
16x16 coarse field,block_10_00,0.8661367297172546
16x16 coarse field,block_11_02,0.864324688911438
16x16 coarse field,block_07_07,0.8371379971504211
16x16 coarse field,block_06_10,0.8296712636947632
16x16 coarse field,block_10_04,0.8055793046951294
16x16 coarse field,block_08_14,0.7905102968215942
16x16 coarse field,block_00_15,0.7877669930458069
16x16 coarse field,block_02_03,0.7836347818374634
16x16 coarse field,block_10_11,0.7665213346481323
16x16 coarse field,block_09_06,0.762274980545044
16x16 coarse field,block_12_07,0.7611958384513855
16x16 coarse field,block_07_13,0.7588648200035095
16x16 coarse field,block_04_04,0.7553940415382385
16x16 coarse field,block_11_09,0.7517561912536621
16x16 coarse field,block_12_01,0.7447041273117065
16x16 coarse field,block_10_05,0.7324212789535522
16x16 coarse field,block_02_02,0.7312586903572083
16x16 coarse field,block_07_10,0.7024564743041992
16x16 coarse field,block_07_15,0.6978107690811157
16x16 coarse field,block_10_02,0.6928382515907288
16x16 coarse field,block_08_10,0.6828791499137878
16x16 coarse field,block_08_11,0.6777342557907104
16x16 coarse field,block_11_12,0.6757614612579346
16x16 coarse field,block_09_08,0.6584476232528687
16x16 coarse field,block_00_03,0.6556469202041626
16x16 coarse field,block_07_14,0.6503008604049683
16x16 coarse field,block_12_11,0.6384309530258179
16x16 coarse field,block_10_07,0.6367764472961426
16x16 coarse field,block_06_02,0.631391167640686
16x16 coarse field,block_02_10,0.6275440454483032
16x16 coarse field,block_00_02,0.6226276159286499
16x16 coarse field,block_05_03,0.6076409220695496
16x16 coarse field,block_05_15,0.6015318036079407
16x16 coarse field,block_05_01,0.5991680026054382
16x16 coarse field,block_13_04,0.5761833190917969
16x16 coarse field,block_12_06,0.5703569054603577
16x16 coarse field,block_04_06,0.5646297335624695
16x16 coarse field,block_00_04,0.5629497766494751
16x16 coarse field,block_07_00,0.5590512156486511
16x16 coarse field,block_07_11,0.5572402477264404
16x16 coarse field,block_12_02,0.5460377931594849
16x16 coarse field,block_04_12,0.5412375926971436
16x16 coarse field,block_13_02,0.5343161821365356
16x16 coarse field,block_09_09,0.5322726964950562
16x16 coarse field,block_03_00,0.5294456481933594
16x16 coarse field,block_04_01,0.526325523853302
16x16 coarse field,block_12_00,0.5256848335266113
16x16 coarse field,block_12_08,0.5239947438240051
16x16 coarse field,block_08_12,0.5138179063796997
16x16 coarse field,block_13_14,0.5094233751296997
16x16 coarse field,block_08_08,0.5068110823631287
16x16 coarse field,block_05_07,0.4944320619106293
16x16 coarse field,block_08_13,0.48932307958602905
16x16 coarse field,block_13_01,0.486960232257843
16x16 coarse field,block_09_07,0.46790915727615356
16x16 coarse field,block_13_07,0.467607319355011
16x16 coarse field,block_08_04,0.4644021987915039
16x16 coarse field,block_07_04,0.4603337347507477
16x16 coarse field,block_13_11,0.4582853317260742
16x16 coarse field,block_05_04,0.4580521583557129
16x16 coarse field,block_03_07,0.45680180191993713
16x16 coarse field,block_07_03,0.4565819799900055
16x16 coarse field,block_06_09,0.4519862234592438
16x16 coarse field,block_02_11,0.44725674390792847
16x16 coarse field,block_14_15,0.4461548328399658
16x16 coarse field,block_13_08,0.4411330223083496
16x16 coarse field,block_15_14,0.43945685029029846
16x16 coarse field,block_06_03,0.4338453710079193
16x16 coarse field,block_01_10,0.4310322403907776
16x16 coarse field,block_06_12,0.42277780175209045
16x16 coarse field,block_03_02,0.4200006425380707
16x16 coarse field,block_11_15,0.4186815619468689
16x16 coarse field,block_09_00,0.417020320892334
16x16 coarse field,block_05_10,0.4162658751010895
16x16 coarse field,block_05_09,0.41615352034568787
16x16 coarse field,block_11_07,0.4144630432128906
16x16 coarse field,block_12_15,0.4138096868991852
16x16 coarse field,block_14_10,0.4134069085121155
16x16 coarse field,block_11_06,0.4110780656337738
16x16 coarse field,block_09_13,0.4058965742588043
16x16 coarse field,block_15_07,0.4023953378200531
16x16 coarse field,block_02_06,0.4015672206878662
16x16 coarse field,block_15_12,0.3990504741668701
16x16 coarse field,block_13_10,0.39769911766052246
16x16 coarse field,block_03_11,0.3973909020423889
16x16 coarse field,block_04_15,0.3926911950111389
16x16 coarse field,block_10_12,0.3895246386528015
16x16 coarse field,block_01_00,0.3890986442565918
16x16 coarse field,block_03_15,0.38451093435287476
16x16 coarse field,block_00_09,0.38442695140838623
16x16 coarse field,block_03_10,0.3791768252849579
16x16 coarse field,block_06_05,0.3742564022541046
16x16 coarse field,block_11_03,0.3726850152015686
16x16 coarse field,block_03_03,0.37172824144363403
16x16 coarse field,block_13_15,0.37115907669067383
16x16 coarse field,block_11_04,0.36699002981185913
16x16 coarse field,block_10_03,0.36372166872024536
16x16 coarse field,block_11_11,0.3629125654697418
16x16 coarse field,block_06_07,0.361707866191864
16x16 coarse field,block_00_08,0.35996562242507935
16x16 coarse field,block_05_02,0.35990291833877563
16x16 coarse field,block_08_03,0.3592577874660492
16x16 coarse field,block_09_03,0.357582151889801
16x16 coarse field,block_09_14,0.3539150357246399
16x16 coarse field,block_04_08,0.35352736711502075
16x16 coarse field,block_06_04,0.35116785764694214
16x16 coarse field,block_05_05,0.3489079475402832
16x16 coarse field,block_09_12,0.3374005854129791
16x16 coarse field,block_04_13,0.33244016766548157
16x16 coarse field,block_11_05,0.33169230818748474
16x16 coarse field,block_14_07,0.3298357427120209
16x16 coarse field,block_03_08,0.32903584837913513
16x16 coarse field,block_04_11,0.32690054178237915
16x16 coarse field,block_07_02,0.32223808765411377
16x16 coarse field,block_12_14,0.3201349079608917
16x16 coarse field,block_04_02,0.3201298117637634
16x16 coarse field,block_08_15,0.3180377781391144
16x16 coarse field,block_11_10,0.3178907334804535
16x16 coarse field,block_06_11,0.31725603342056274
16x16 coarse field,block_10_09,0.31654325127601624
16x16 coarse field,block_01_14,0.31565144658088684
16x16 coarse field,block_13_12,0.3089173436164856
16x16 coarse field,block_04_09,0.3023454546928406
16x16 coarse field,block_05_14,0.30068063735961914
16x16 coarse field,block_01_09,0.2961565852165222
16x16 coarse field,block_05_11,0.29307645559310913
16x16 coarse field,block_03_12,0.2910166382789612
16x16 coarse field,block_06_08,0.28984251618385315
16x16 coarse field,block_14_11,0.2886388301849365
16x16 coarse field,block_14_09,0.2866211533546448
16x16 coarse field,block_06_14,0.28396207094192505
16x16 coarse field,block_01_03,0.2791956067085266
16x16 coarse field,block_10_06,0.2791697382926941
16x16 coarse field,block_13_03,0.2764648497104645
16x16 coarse field,block_03_13,0.27607956528663635
16x16 coarse field,block_04_05,0.27457842230796814
16x16 coarse field,block_01_04,0.27391189336776733
16x16 coarse field,block_08_02,0.2725525498390198
16x16 coarse field,block_06_13,0.27062252163887024
16x16 coarse field,block_00_11,0.26700085401535034
16x16 coarse field,block_11_13,0.26632437109947205
16x16 coarse field,block_07_12,0.2659643590450287
16x16 coarse field,block_06_01,0.26567402482032776
16x16 coarse field,block_04_14,0.2647322714328766
16x16 coarse field,block_03_01,0.26074498891830444
16x16 coarse field,block_14_12,0.25859272480010986
16x16 coarse field,block_15_11,0.25713419914245605
16x16 coarse field,block_00_13,0.25676044821739197
16x16 coarse field,block_04_10,0.2561679482460022
16x16 coarse field,block_05_00,0.2561366856098175
16x16 coarse field,block_02_14,0.254611074924469
16x16 coarse field,block_05_08,0.2537801265716553
16x16 coarse field,block_07_08,0.25232574343681335
16x16 coarse field,block_12_13,0.2509215772151947
16x16 coarse field,block_10_15,0.24944722652435303
16x16 coarse field,block_10_10,0.24919971823692322
16x16 coarse field,block_15_00,0.24765126407146454
16x16 coarse field,block_08_00,0.24456223845481873
16x16 coarse field,block_09_05,0.24237939715385437
16x16 coarse field,block_02_01,0.24179108440876007
16x16 coarse field,block_07_06,0.24174897372722626
16x16 coarse field,block_13_09,0.23945967853069305
16x16 coarse field,block_13_00,0.23776133358478546
16x16 coarse field,block_12_12,0.23744714260101318
16x16 coarse field,block_00_07,0.23235270380973816
16x16 coarse field,block_09_11,0.23115234076976776
16x16 coarse field,block_07_09,0.2310948371887207
16x16 coarse field,block_11_14,0.23072895407676697
16x16 coarse field,block_11_00,0.23044633865356445
16x16 coarse field,block_00_01,0.22754910588264465
16x16 coarse field,block_02_12,0.22669854760169983
16x16 coarse field,block_09_02,0.22524437308311462
16x16 coarse field,block_15_13,0.22496172785758972
16x16 coarse field,block_15_04,0.2215501070022583
16x16 coarse field,block_03_06,0.22144751250743866
16x16 coarse field,block_00_00,0.22064921259880066
16x16 coarse field,block_12_04,0.219955712556839
16x16 coarse field,block_01_07,0.2172248810529709
16x16 coarse field,block_00_14,0.2138061225414276
16x16 coarse field,block_01_01,0.21234004199504852
16x16 coarse field,block_14_08,0.21201547980308533
16x16 coarse field,block_09_04,0.20973996818065643
16x16 coarse field,block_14_05,0.20933294296264648
16x16 coarse field,block_07_01,0.20671729743480682
16x16 coarse field,block_11_01,0.20666423439979553
16x16 coarse field,block_04_00,0.2030617892742157
16x16 coarse field,block_02_05,0.20300228893756866
16x16 coarse field,block_05_12,0.20083896815776825
16x16 coarse field,block_12_05,0.19959713518619537
16x16 coarse field,block_02_08,0.1985378861427307
16x16 coarse field,block_00_12,0.19823822379112244
16x16 coarse field,block_15_08,0.1941843330860138
16x16 coarse field,block_01_02,0.19411711394786835
16x16 coarse field,block_12_09,0.1925392597913742
16x16 coarse field,block_03_14,0.18915167450904846
16x16 coarse field,block_14_13,0.18758819997310638
16x16 coarse field,block_05_13,0.18647299706935883
16x16 coarse field,block_02_07,0.185219869017601
16x16 coarse field,block_00_06,0.18446949124336243
16x16 coarse field,block_02_00,0.1835811287164688
16x16 coarse field,block_15_10,0.18217185139656067
16x16 coarse field,block_14_00,0.18169401586055756
16x16 coarse field,block_06_15,0.17814476788043976
16x16 coarse field,block_14_01,0.17012910544872284
16x16 coarse field,block_01_08,0.16934974491596222
16x16 coarse field,block_01_15,0.16772647202014923
16x16 coarse field,block_09_15,0.16715863347053528
16x16 coarse field,block_09_10,0.16655531525611877
16x16 coarse field,block_15_05,0.16422918438911438
16x16 coarse field,block_15_09,0.16195644438266754
16x16 coarse field,block_03_04,0.16120049357414246
16x16 coarse field,block_13_13,0.15857115387916565
16x16 coarse field,block_14_14,0.1583215445280075
16x16 coarse field,block_02_09,0.1548810601234436
16x16 coarse field,block_14_04,0.15352575480937958
16x16 coarse field,block_04_03,0.14858108758926392
16x16 coarse field,block_13_05,0.14822439849376678
16x16 coarse field,block_03_05,0.14677228033542633
16x16 coarse field,block_06_00,0.14502264559268951
16x16 coarse field,block_14_03,0.14393022656440735
16x16 coarse field,block_10_13,0.13751563429832458
16x16 coarse field,block_01_11,0.13129764795303345
16x16 coarse field,block_14_06,0.1311899572610855
16x16 coarse field,block_02_13,0.12970653176307678
16x16 coarse field,block_15_01,0.12873780727386475
16x16 coarse field,block_01_05,0.12817081809043884
16x16 coarse field,block_12_03,0.12581630051136017
16x16 coarse field,block_07_05,0.12409935146570206
16x16 coarse field,block_10_14,0.12274216115474701
16x16 coarse field,block_12_10,0.12239159643650055
16x16 coarse field,block_15_15,0.1215696781873703
16x16 coarse field,block_14_02,0.12040586769580841
16x16 coarse field,block_01_06,0.11829278618097305
16x16 coarse field,block_00_05,0.11421223729848862
16x16 coarse field,block_09_01,0.11377662420272827
16x16 coarse field,block_15_02,0.11374695599079132
16x16 coarse field,block_15_06,0.11099547147750854
16x16 coarse field,block_01_13,0.11080628633499146
16x16 coarse field,block_15_03,0.10640124976634979
16x16 coarse field,block_10_01,0.10010379552841187
16x16 coarse field,block_13_06,0.09522701799869537
16x16 coarse field,block_02_04,0.09340087324380875
16x16 coarse field,block_03_09,0.08865054696798325
16x16 coarse field,block_00_10,0.0850789025425911
16x16 coarse field,block_01_12,0.08042003214359283
16x16 coarse field,block_11_08,0.05971763655543327
16x16 coarse field,block_02_15,0.054492972791194916
